"BehaviorSpace results (NetLogo 7.0.4)","Spreadsheet version 2.0"
"Traffic_Grid (1).nlogox"
"congestion-experiment"
"09/30/2026 11:20:12:286 +0530"
"min-pxcor","max-pxcor","min-pycor","max-pycor"
"-18","18","-18","18"
"[run number]","1","1","1","1","1","1","2","2","2","2","2","2","3","3","3","3","3","3","4","4","4","4","4","4","5","5","5","5","5","5","6","6","6","6","6","6","7","7","7","7","7","7","8","8","8","8","8","8","9","9","9","9","9","9","10","10","10","10","10","10","11","11","11","11","11","11","12","12","12","12","12","12","13","13","13","13","13","13","14","14","14","14","14","14","15","15","15","15","15","15","16","16","16","16","16","16","17","17","17","17","17","17","18","18","18","18","18","18","19","19","19","19","19","19","20","20","20","20","20","20","21","21","21","21","21","21","22","22","22","22","22","22","23","23","23","23","23","23","24","24","24","24","24","24","25","25","25","25","25","25","26","26","26","26","26","26","27","27","27","27","27","27","28","28","28","28","28","28","29","29","29","29","29","29","30","30","30","30","30","30","31","31","31","31","31","31","32","32","32","32","32","32","33","33","33","33","33","33","34","34","34","34","34","34","35","35","35","35","35","35","36","36","36","36","36","36","37","37","37","37","37","37","38","38","38","38","38","38","39","39","39","39","39","39","40","40","40","40","40","40","41","41","41","41","41","41","42","42","42","42","42","42","43","43","43","43","43","43","44","44","44","44","44","44","45","45","45","45","45","45"
"num-cars","100",,,,,,"100",,,,,,"100",,,,,,"100",,,,,,"100",,,,,,"100",,,,,,"100",,,,,,"100",,,,,,"100",,,,,,"150",,,,,,"150",,,,,,"150",,,,,,"150",,,,,,"150",,,,,,"150",,,,,,"150",,,,,,"150",,,,,,"150",,,,,,"200",,,,,,"200",,,,,,"200",,,,,,"200",,,,,,"200",,,,,,"200",,,,,,"200",,,,,,"200",,,,,,"200",,,,,,"250",,,,,,"250",,,,,,"250",,,,,,"250",,,,,,"250",,,,,,"250",,,,,,"250",,,,,,"250",,,,,,"250",,,,,,"300",,,,,,"300",,,,,,"300",,,,,,"300",,,,,,"300",,,,,,"300",,,,,,"300",,,,,,"300",,,,,,"300",,,,,
"ticks-per-cycle","10",,,,,,"10",,,,,,"10",,,,,,"20",,,,,,"20",,,,,,"20",,,,,,"30",,,,,,"30",,,,,,"30",,,,,,"10",,,,,,"10",,,,,,"10",,,,,,"20",,,,,,"20",,,,,,"20",,,,,,"30",,,,,,"30",,,,,,"30",,,,,,"10",,,,,,"10",,,,,,"10",,,,,,"20",,,,,,"20",,,,,,"20",,,,,,"30",,,,,,"30",,,,,,"30",,,,,,"10",,,,,,"10",,,,,,"10",,,,,,"20",,,,,,"20",,,,,,"20",,,,,,"30",,,,,,"30",,,,,,"30",,,,,,"10",,,,,,"10",,,,,,"10",,,,,,"20",,,,,,"20",,,,,,"20",,,,,,"30",,,,,,"30",,,,,,"30",,,,,
"ev-percentage","20",,,,,,"20",,,,,,"20",,,,,,"20",,,,,,"20",,,,,,"20",,,,,,"20",,,,,,"20",,,,,,"20",,,,,,"20",,,,,,"20",,,,,,"20",,,,,,"20",,,,,,"20",,,,,,"20",,,,,,"20",,,,,,"20",,,,,,"20",,,,,,"20",,,,,,"20",,,,,,"20",,,,,,"20",,,,,,"20",,,,,,"20",,,,,,"20",,,,,,"20",,,,,,"20",,,,,,"20",,,,,,"20",,,,,,"20",,,,,,"20",,,,,,"20",,,,,,"20",,,,,,"20",,,,,,"20",,,,,,"20",,,,,,"20",,,,,,"20",,,,,,"20",,,,,,"20",,,,,,"20",,,,,,"20",,,,,,"20",,,,,,"20",,,,,,"20",,,,,
"num-charging-stations","6",,,,,,"6",,,,,,"6",,,,,,"6",,,,,,"6",,,,,,"6",,,,,,"6",,,,,,"6",,,,,,"6",,,,,,"6",,,,,,"6",,,,,,"6",,,,,,"6",,,,,,"6",,,,,,"6",,,,,,"6",,,,,,"6",,,,,,"6",,,,,,"6",,,,,,"6",,,,,,"6",,,,,,"6",,,,,,"6",,,,,,"6",,,,,,"6",,,,,,"6",,,,,,"6",,,,,,"6",,,,,,"6",,,,,,"6",,,,,,"6",,,,,,"6",,,,,,"6",,,,,,"6",,,,,,"6",,,,,,"6",,,,,,"6",,,,,,"6",,,,,,"6",,,,,,"6",,,,,,"6",,,,,,"6",,,,,,"6",,,,,,"6",,,,,,"6",,,,,
"charging-bays","2",,,,,,"2",,,,,,"2",,,,,,"2",,,,,,"2",,,,,,"2",,,,,,"2",,,,,,"2",,,,,,"2",,,,,,"2",,,,,,"2",,,,,,"2",,,,,,"2",,,,,,"2",,,,,,"2",,,,,,"2",,,,,,"2",,,,,,"2",,,,,,"2",,,,,,"2",,,,,,"2",,,,,,"2",,,,,,"2",,,,,,"2",,,,,,"2",,,,,,"2",,,,,,"2",,,,,,"2",,,,,,"2",,,,,,"2",,,,,,"2",,,,,,"2",,,,,,"2",,,,,,"2",,,,,,"2",,,,,,"2",,,,,,"2",,,,,,"2",,,,,,"2",,,,,,"2",,,,,,"2",,,,,,"2",,,,,,"2",,,,,,"2",,,,,,"2",,,,,
"[total steps]","500","500","500","500","500","500","500","500","500","500","500","500","500","500","500","500","500","500","500","500","500","500","500","500","500","500","500","500","500","500","500","500","500","500","500","500","500","500","500","500","500","500","500","500","500","500","500","500","500","500","500","500","500","500","500","500","500","500","500","500","500","500","500","500","500","500","500","500","500","500","500","500","500","500","500","500","500","500","500","500","500","500","500","500","500","500","500","500","500","500","500","500","500","500","500","500","500","500","500","500","500","500","500","500","500","500","500","500","500","500","500","500","500","500","500","500","500","500","500","500","500","500","500","500","500","500","500","500","500","500","500","500","500","500","500","500","500","500","500","500","500","500","500","500","500","500","500","500","500","500","500","500","500","500","500","500","500","500","500","500","500","500","500","500","500","500","500","500","500","500","500","500","500","500","500","500","500","500","500","500","500","500","500","500","500","500","500","500","500","500","500","500","500","500","500","500","500","500","500","500","500","500","500","500","500","500","500","500","500","500","500","500","500","500","500","500","500","500","500","500","500","500","500","500","500","500","500","500","500","500","500","500","500","500","500","500","500","500","500","500","500","500","500","500","500","500","500","500","500","500","500","500","500","500","500","500","500","500","500","500","500","500","500","500","500","500","500","500","500","500"

"[final value]","[step]","mean [wait-time] of turtles","mean [speed] of turtles","count turtles with [charging?]","num-cars-stopped","mean [battery] of turtles with [is-ev?]","[step]","mean [wait-time] of turtles","mean [speed] of turtles","count turtles with [charging?]","num-cars-stopped","mean [battery] of turtles with [is-ev?]","[step]","mean [wait-time] of turtles","mean [speed] of turtles","count turtles with [charging?]","num-cars-stopped","mean [battery] of turtles with [is-ev?]","[step]","mean [wait-time] of turtles","mean [speed] of turtles","count turtles with [charging?]","num-cars-stopped","mean [battery] of turtles with [is-ev?]","[step]","mean [wait-time] of turtles","mean [speed] of turtles","count turtles with [charging?]","num-cars-stopped","mean [battery] of turtles with [is-ev?]","[step]","mean [wait-time] of turtles","mean [speed] of turtles","count turtles with [charging?]","num-cars-stopped","mean [battery] of turtles with [is-ev?]","[step]","mean [wait-time] of turtles","mean [speed] of turtles","count turtles with [charging?]","num-cars-stopped","mean [battery] of turtles with [is-ev?]","[step]","mean [wait-time] of turtles","mean [speed] of turtles","count turtles with [charging?]","num-cars-stopped","mean [battery] of turtles with [is-ev?]","[step]","mean [wait-time] of turtles","mean [speed] of turtles","count turtles with [charging?]","num-cars-stopped","mean [battery] of turtles with [is-ev?]","[step]","mean [wait-time] of turtles","mean [speed] of turtles","count turtles with [charging?]","num-cars-stopped","mean [battery] of turtles with [is-ev?]","[step]","mean [wait-time] of turtles","mean [speed] of turtles","count turtles with [charging?]","num-cars-stopped","mean [battery] of turtles with [is-ev?]","[step]","mean [wait-time] of turtles","mean [speed] of turtles","count turtles with [charging?]","num-cars-stopped","mean [battery] of turtles with [is-ev?]","[step]","mean [wait-time] of turtles","mean [speed] of turtles","count turtles with [charging?]","num-cars-stopped","mean [battery] of turtles with [is-ev?]","[step]","mean [wait-time] of turtles","mean [speed] of turtles","count turtles with [charging?]","num-cars-stopped","mean [battery] of turtles with [is-ev?]","[step]","mean [wait-time] of turtles","mean [speed] of turtles","count turtles with [charging?]","num-cars-stopped","mean [battery] of turtles with [is-ev?]","[step]","mean [wait-time] of turtles","mean [speed] of turtles","count turtles with [charging?]","num-cars-stopped","mean [battery] of turtles with [is-ev?]","[step]","mean [wait-time] of turtles","mean [speed] of turtles","count turtles with [charging?]","num-cars-stopped","mean [battery] of turtles with [is-ev?]","[step]","mean [wait-time] of turtles","mean [speed] of turtles","count turtles with [charging?]","num-cars-stopped","mean [battery] of turtles with [is-ev?]","[step]","mean [wait-time] of turtles","mean [speed] of turtles","count turtles with [charging?]","num-cars-stopped","mean [battery] of turtles with [is-ev?]","[step]","mean [wait-time] of turtles","mean [speed] of turtles","count turtles with [charging?]","num-cars-stopped","mean [battery] of turtles with [is-ev?]","[step]","mean [wait-time] of turtles","mean [speed] of turtles","count turtles with [charging?]","num-cars-stopped","mean [battery] of turtles with [is-ev?]","[step]","mean [wait-time] of turtles","mean [speed] of turtles","count turtles with [charging?]","num-cars-stopped","mean [battery] of turtles with [is-ev?]","[step]","mean [wait-time] of turtles","mean [speed] of turtles","count turtles with [charging?]","num-cars-stopped","mean [battery] of turtles with [is-ev?]","[step]","mean [wait-time] of turtles","mean [speed] of turtles","count turtles with [charging?]","num-cars-stopped","mean [battery] of turtles with [is-ev?]","[step]","mean [wait-time] of turtles","mean [speed] of turtles","count turtles with [charging?]","num-cars-stopped","mean [battery] of turtles with [is-ev?]","[step]","mean [wait-time] of turtles","mean [speed] of turtles","count turtles with [charging?]","num-cars-stopped","mean [battery] of turtles with [is-ev?]","[step]","mean [wait-time] of turtles","mean [speed] of turtles","count turtles with [charging?]","num-cars-stopped","mean [battery] of turtles with [is-ev?]","[step]","mean [wait-time] of turtles","mean [speed] of turtles","count turtles with [charging?]","num-cars-stopped","mean [battery] of turtles with [is-ev?]","[step]","mean [wait-time] of turtles","mean [speed] of turtles","count turtles with [charging?]","num-cars-stopped","mean [battery] of turtles with [is-ev?]","[step]","mean [wait-time] of turtles","mean [speed] of turtles","count turtles with [charging?]","num-cars-stopped","mean [battery] of turtles with [is-ev?]","[step]","mean [wait-time] of turtles","mean [speed] of turtles","count turtles with [charging?]","num-cars-stopped","mean [battery] of turtles with [is-ev?]","[step]","mean [wait-time] of turtles","mean [speed] of turtles","count turtles with [charging?]","num-cars-stopped","mean [battery] of turtles with [is-ev?]","[step]","mean [wait-time] of turtles","mean [speed] of turtles","count turtles with [charging?]","num-cars-stopped","mean [battery] of turtles with [is-ev?]","[step]","mean [wait-time] of turtles","mean [speed] of turtles","count turtles with [charging?]","num-cars-stopped","mean [battery] of turtles with [is-ev?]","[step]","mean [wait-time] of turtles","mean [speed] of turtles","count turtles with [charging?]","num-cars-stopped","mean [battery] of turtles with [is-ev?]","[step]","mean [wait-time] of turtles","mean [speed] of turtles","count turtles with [charging?]","num-cars-stopped","mean [battery] of turtles with [is-ev?]","[step]","mean [wait-time] of turtles","mean [speed] of turtles","count turtles with [charging?]","num-cars-stopped","mean [battery] of turtles with [is-ev?]","[step]","mean [wait-time] of turtles","mean [speed] of turtles","count turtles with [charging?]","num-cars-stopped","mean [battery] of turtles with [is-ev?]","[step]","mean [wait-time] of turtles","mean [speed] of turtles","count turtles with [charging?]","num-cars-stopped","mean [battery] of turtles with [is-ev?]","[step]","mean [wait-time] of turtles","mean [speed] of turtles","count turtles with [charging?]","num-cars-stopped","mean [battery] of turtles with [is-ev?]","[step]","mean [wait-time] of turtles","mean [speed] of turtles","count turtles with [charging?]","num-cars-stopped","mean [battery] of turtles with [is-ev?]","[step]","mean [wait-time] of turtles","mean [speed] of turtles","count turtles with [charging?]","num-cars-stopped","mean [battery] of turtles with [is-ev?]","[step]","mean [wait-time] of turtles","mean [speed] of turtles","count turtles with [charging?]","num-cars-stopped","mean [battery] of turtles with [is-ev?]","[step]","mean [wait-time] of turtles","mean [speed] of turtles","count turtles with [charging?]","num-cars-stopped","mean [battery] of turtles with [is-ev?]","[step]","mean [wait-time] of turtles","mean [speed] of turtles","count turtles with [charging?]","num-cars-stopped","mean [battery] of turtles with [is-ev?]"
,"500","4.77","0.3207600000000001","1","58","32.148452380952435","500","4.82","0.30393000000000003","2","59","32.00192000000005","500","5.14","0.3910499999999999","1","56","22.29725000000004","500","6.72","0.5314699999999997","0","40","30.52280952380958","500","9.85","0.4972199999999998","0","49","25.679645161290363","500","15.44","0.33673000000000003","1","64","42.56880434782616","500","29.36","0.28009000000000006","0","67","28.785578947368464","500","19.6","0.33376000000000006","0","68","22.606375000000032","500","9.47","0.5511799999999999","1","45","19.308300000000024","500","20.186666666666667","0.07326","3","129","35.58325806451622","500","112.00666666666666","0.00726","0","146","47.4426296296297","500","12.573333333333334","0.13463999999999998","2","104","47.37535185185193","500","10.62","0.4017066666666664","1","86","24.392134615384677","500","13.826666666666666","0.28830666666666666","2","98","36.02646153846159","500","13.506666666666666","0.33431333333333324","3","95","43.755888888888954","500","70.28666666666666","0.20190666666666673","1","114","34.68917307692313","500","12.673333333333334","0.3083733333333333","0","93","35.18525000000005","500","35.74666666666667","0.25827333333333335","0","102","37.36381250000006","500","348.17","0","0","200","60.36880263157899","500","30.085","0.07227000000000001","0","160","50.56952380952392","500","341.12","0","0","200","67.32659375000004","500","27.07","0.125535","1","154","43.776544444444504","500","17.765","0.10979500000000002","1","162","31.48525000000005","500","31.815","0.13276500000000002","2","158","44.644255102040916","500","21.5","0.19335499999999997","1","144","37.68219767441867","500","42.33","0.14860500000000001","0","153","49.571371794871844","500","26.155","0.15613000000000002","1","151","49.76750000000006","500","348.02","0","0","250","70.30949019607849","500","288.856","0","0","250","70.80089285714288","500","453.868","0","0","250","70.57358771929825","500","23.64","0.09476400000000001","0","192","55.096943548387166","500","28.7","0.06264800000000001","0","212","58.743609090909146","500","29.436","0.09563600000000001","0","209","56.189150943396285","500","231.612","0","0","250","59.8970263157895","500","167.592","0","0","250","62.546875000000036","500","51.512","0.050688000000000004","0","223","58.25517647058827","500","442.69","0","0","300","77.18315384615389","500","466.71","0","0","300","75.74986274509806","500","473.72333333333336","0","0","300","75.02755172413794","500","319.45","0","0","300","70.56627868852459","500","390.15","0","0","300","70.90310204081635","500","470.9433333333333","0","0","300","75.79172727272729","500","441.15","0","0","300","72.71420909090911","500","392.2366666666667","0","0","300","72.60966935483872","500","483.0933333333333","0","0","300","72.82040441176474"
