ev_percentage,num_charging_stations,charging_bays,mean_wait_time,mean_speed,count_charging,num_cars_stopped,mean_ev_battery
10,4,1,17.543333333333333,0.18281166666666662,0.3333333333333333,146.33333333333334,41.17465777777786
10,4,2,17.756666666666664,0.1790816666666666,1.0,145.0,36.55986507936516
10,4,3,18.099999999999998,0.19301,0.3333333333333333,145.0,37.98425280173686
10,4,4,14.868333333333332,0.2245733333333332,0.0,125.33333333333333,35.093530812325
10,8,1,19.856666666666666,0.13183999999999998,0.6666666666666666,150.0,48.28759339525291
10,8,2,14.798333333333332,0.22162166666666658,0.0,132.66666666666666,43.59761363636372
10,8,3,29.401666666666667,0.1397783333333333,0.0,158.66666666666666,47.444513611615314
10,8,4,22.32166666666667,0.16109666666666664,0.3333333333333333,147.66666666666666,44.499116099071294
10,12,1,31.651666666666667,0.10816166666666664,1.6666666666666667,165.0,50.70124157868282
10,12,2,13.393333333333333,0.18243166666666666,1.3333333333333333,140.33333333333334,40.099698148148214
10,12,3,26.77333333333333,0.14772999999999994,1.0,151.0,46.634769374416514
10,12,4,15.481666666666667,0.20160666666666668,2.0,143.0,45.75478464052295
10,16,1,23.95,0.16533833333333334,0.6666666666666666,153.0,45.34253345959604
10,16,2,21.95,0.12603166666666668,0.6666666666666666,160.0,49.060231936220504
10,16,3,18.551666666666666,0.1884866666666666,1.0,141.0,48.13908241577271
10,16,4,15.035000000000002,0.16447666666666666,1.3333333333333333,144.0,53.20075151515159
20,4,1,23.901666666666667,0.1664766666666666,0.6666666666666666,151.33333333333334,39.26864915802728
20,4,2,18.64166666666667,0.1672016666666667,0.0,144.33333333333334,37.92837838753396
20,4,3,26.433333333333334,0.09850833333333335,0.3333333333333333,163.33333333333334,39.71084241609346
20,4,4,18.44666666666667,0.15589833333333333,1.0,152.66666666666666,39.494111822861896
20,8,1,20.973333333333333,0.14273166666666662,2.0,150.33333333333334,46.462165905315686
20,8,2,21.226666666666667,0.17198666666666665,1.3333333333333333,146.66666666666666,47.60208148148157
20,8,3,18.74833333333333,0.15695333333333333,2.0,148.0,47.77795124243542
20,8,4,30.87,0.10266666666666667,0.6666666666666666,167.66666666666666,43.04487292609358
20,12,1,17.794999999999998,0.141295,1.6666666666666667,148.33333333333334,45.75829377574926
20,12,2,26.791666666666668,0.13524,1.0,156.0,48.202430092592664
20,12,3,37.35166666666667,0.13045333333333328,0.6666666666666666,156.66666666666666,46.77761196551993
20,12,4,30.77333333333333,0.10829333333333334,1.0,162.0,51.37253739239606
20,16,1,30.075,0.11624666666666666,1.3333333333333333,159.33333333333334,49.97365748283111
20,16,2,22.778333333333332,0.18261333333333327,1.3333333333333333,145.33333333333334,50.0354001050564
20,16,3,28.295,0.14829,2.3333333333333335,148.66666666666666,47.89752497798438
20,16,4,32.836666666666666,0.120125,1.0,161.66666666666666,50.947644068504665
30,4,1,23.506666666666664,0.14875499999999997,1.0,154.33333333333334,39.02440252662333
30,4,2,18.646666666666665,0.1706,1.3333333333333333,142.33333333333334,39.70995877825885
30,4,3,26.286666666666665,0.11560333333333334,0.6666666666666666,160.33333333333334,39.125409656762365
30,4,4,17.878333333333334,0.1756183333333333,1.3333333333333333,147.66666666666666,38.85833974116167
30,8,1,22.603333333333335,0.11731833333333332,2.6666666666666665,156.0,40.7981112404271
30,8,2,19.923333333333336,0.12555333333333332,3.3333333333333335,157.0,43.14393717684667
30,8,3,39.645,0.10081833333333333,1.6666666666666667,166.66666666666666,45.73490902904711
30,8,4,28.13166666666667,0.15814166666666665,1.3333333333333333,150.66666666666666,45.60758227959261
30,12,1,35.848333333333336,0.08611666666666667,2.6666666666666665,170.0,48.172482763532834
30,12,2,38.99666666666666,0.08738666666666667,0.3333333333333333,171.66666666666666,46.42919948883514
30,12,3,45.0,0.13096499999999997,1.0,160.33333333333334,45.445493032435515
30,12,4,36.123333333333335,0.11322833333333333,1.0,163.66666666666666,45.7932196564287
30,16,1,19.151666666666667,0.1644133333333333,2.0,147.66666666666666,45.697374356732475
30,16,2,21.003333333333334,0.15833999999999995,2.3333333333333335,147.66666666666666,46.31771274447286
30,16,3,20.896666666666665,0.15223666666666666,2.0,154.33333333333334,49.057526704258
30,16,4,33.61666666666667,0.11073499999999997,2.0,162.33333333333334,52.20691906250007
40,4,1,33.46666666666667,0.119135,1.0,161.0,39.55682979230515
40,4,2,82.68666666666667,0.055854999999999995,1.0,182.0,41.25703333693294
40,4,3,21.430000000000003,0.1579433333333333,1.0,145.33333333333334,39.23685945118637
40,4,4,27.50666666666667,0.141345,1.6666666666666667,156.66666666666666,37.59993416752396
40,8,1,45.05666666666667,0.070935,1.6666666666666667,173.33333333333334,48.01922377128829
40,8,2,19.655,0.14272999999999997,1.6666666666666667,151.33333333333334,41.01054968671687
40,8,3,21.94666666666667,0.15005666666666664,2.6666666666666665,147.33333333333334,45.64408785606102
40,8,4,16.02,0.17978999999999998,1.3333333333333333,142.33333333333334,41.32295553221297
40,12,1,27.866666666666664,0.111445,4.0,164.0,47.57780911657193
40,12,2,20.973333333333333,0.15781333333333328,2.0,153.0,46.85959101326383
40,12,3,35.265,0.09159499999999991,3.0,169.33333333333334,46.21913496989608
40,12,4,21.97,0.12956166666666666,1.6666666666666667,155.0,46.95642697902729
40,16,1,24.993333333333336,0.11796166666666667,2.3333333333333335,158.33333333333334,49.429344374283744
40,16,2,28.541666666666668,0.08156166666666666,2.6666666666666665,174.33333333333334,47.481502927132475
40,16,3,26.355,0.11198999999999999,2.6666666666666665,163.33333333333334,51.230995980157445
40,16,4,24.756666666666664,0.12933166666666665,4.0,159.33333333333334,47.52117338961858
