run,ev_percentage,num_charging_stations,charging_bays,final_step,mean_wait_time,mean_speed,count_charging,num_cars_stopped,mean_ev_battery
1,10,4,1,500,10.535,0.2495899999999999,1,130,46.11608333333344
2,10,4,1,500,20.9,0.156675,0,158,45.408350000000056
3,10,4,1,500,21.195,0.14217000000000002,0,151,31.99954000000007
4,10,4,2,500,9.8,0.27666499999999994,0,122,34.14897222222229
5,10,4,2,500,16.16,0.20375,1,132,34.679527777777864
6,10,4,2,500,27.31,0.056830000000000006,2,181,40.85109523809532
7,10,4,3,500,20.945,0.16370500000000004,0,151,34.62961538461547
8,10,4,3,500,20.62,0.17697000000000002,1,150,45.18144736842111
9,10,4,3,500,12.735,0.23835499999999998,0,134,34.141695652173986
10,10,4,4,500,10.635,0.24725999999999998,0,116,40.11350000000007
11,10,4,4,500,21.185,0.22062999999999988,0,123,31.24785714285721
12,10,4,4,500,12.785,0.20583,0,137,33.91923529411771
13,10,8,1,500,21.26,0.11633,0,157,44.95220588235302
14,10,8,1,500,23.39,0.09974500000000003,1,155,55.44720588235301
15,10,8,1,500,14.92,0.17944499999999997,1,138,44.46336842105271
16,10,8,2,500,14.605,0.23216499999999993,0,132,53.04850000000008
17,10,8,2,500,13.915,0.21637499999999993,0,131,45.17325000000008
18,10,8,2,500,15.875,0.21632499999999993,0,135,32.57109090909099
19,10,8,3,500,18.96,0.20647500000000002,0,143,47.35867241379317
20,10,8,3,500,42.065,0.12643000000000001,0,167,47.59100000000007
21,10,8,3,500,27.18,0.08642999999999999,0,166,47.383868421052696
22,10,8,4,500,14.175,0.20835499999999996,0,133,46.23564705882363
23,10,8,4,500,35.095,0.12682500000000005,1,162,46.69378947368429
24,10,8,4,500,17.695,0.14811000000000002,0,148,40.567911764705954
25,10,12,1,500,33.04,0.11648000000000003,1,167,43.2923333333334
26,10,12,1,500,41.735,0.029304999999999998,2,189,57.58485294117653
27,10,12,1,500,20.18,0.1787,2,139,51.22653846153854
28,10,12,2,500,12.485,0.197565,1,134,43.51180000000007
29,10,12,2,500,12.3,0.19271000000000008,1,142,45.42993333333341
30,10,12,2,500,15.395,0.15702000000000005,2,145,31.357361111111167
31,10,12,3,500,49.625,0.04959999999999999,2,182,43.76364705882361
32,10,12,3,500,18.77,0.20385000000000006,0,138,53.73597058823537
33,10,12,3,500,11.925,0.18974,1,133,42.40469047619057
34,10,12,4,500,13.495,0.265335,1,127,50.75380000000007
35,10,12,4,500,17.05,0.16796000000000003,2,150,38.2650833333334
36,10,12,4,500,15.9,0.171525,3,152,48.245470588235385
37,10,16,1,500,18.53,0.12979500000000002,1,157,48.204500000000095
38,10,16,1,500,24.875,0.200535,1,148,42.038395833333404
39,10,16,1,500,28.445,0.165685,0,154,45.784704545454616
40,10,16,2,500,17.27,0.098955,2,169,51.4958793103449
41,10,16,2,500,23.9,0.13415000000000002,0,157,47.43790909090915
42,10,16,2,500,24.68,0.14499,0,154,48.24690740740747
43,10,16,3,500,15.16,0.22171999999999997,1,136,50.92970454545462
44,10,16,3,500,12.905,0.19058,2,135,45.50923913043486
45,10,16,3,500,27.59,0.15316000000000007,0,152,47.97830357142864
46,10,16,4,500,16.02,0.184245,1,142,53.69080000000007
47,10,16,4,500,15.675,0.10796000000000007,1,150,58.46275000000008
48,10,16,4,500,13.41,0.201225,2,140,47.448704545454625
49,20,4,1,500,18.39,0.14227,1,149,34.209681818181885
50,20,4,1,500,12.395,0.2323149999999999,1,139,37.102292682926894
51,20,4,1,500,40.92,0.12484499999999998,0,166,46.493972972973054
52,20,4,2,500,21.675,0.13078500000000004,0,157,39.42030555555562
53,20,4,2,500,15.33,0.199245,0,132,34.52690277777786
54,20,4,2,500,18.92,0.17157500000000006,0,144,39.83792682926838
55,20,4,3,500,34.67,0.07801500000000003,1,169,37.32293000000008
56,20,4,3,500,24.79,0.09984500000000002,0,162,42.41485365853664
57,20,4,3,500,19.84,0.11766500000000005,0,159,39.39474358974367
58,20,4,4,500,20.86,0.171525,1,156,39.1555227272728
59,20,4,4,500,16.015,0.15791000000000002,0,148,40.18102702702709
60,20,4,4,500,18.465,0.13826000000000002,2,154,39.1457857142858
61,20,8,1,500,19.65,0.2079099999999999,1,131,48.82906250000007
62,20,8,1,500,16.495,0.133805,3,150,49.670220930232624
63,20,8,1,500,26.775,0.08648,2,170,40.887214285714364
64,20,8,2,500,22.53,0.17311000000000007,2,150,50.46425000000008
65,20,8,2,500,23.965,0.16657500000000003,1,148,47.993883333333414
66,20,8,2,500,17.185,0.17627500000000004,1,142,44.348111111111194
67,20,8,3,500,22.355,0.13360500000000003,2,159,44.5663170731708
68,20,8,3,500,18.52,0.14702000000000007,2,148,50.73994736842111
69,20,8,3,500,15.37,0.19023500000000004,2,137,48.02758928571435
70,20,8,4,500,24.3,0.14162500000000006,0,157,40.643089743589826
71,20,8,4,500,27.165,0.083905,1,175,44.43142647058829
72,20,8,4,500,41.145,0.08247,1,171,44.060102564102635
73,20,12,1,500,14.145,0.13147500000000004,3,153,44.41198387096782
74,20,12,1,500,16.485,0.11781500000000002,2,150,48.43366216216223
75,20,12,1,500,22.755,0.17459500000000006,0,142,44.42923529411772
76,20,12,2,500,37.25,0.148705,0,153,48.362694444444514
77,20,12,2,500,17.405,0.16474500000000003,2,154,43.52063333333343
78,20,12,2,500,25.72,0.09227000000000002,1,161,52.72396250000005
79,20,12,3,500,25.535,0.10766499999999998,2,157,49.5140476190477
80,20,12,3,500,26.51,0.2196899999999999,0,138,46.95959090909098
81,20,12,3,500,60.01,0.064005,0,175,43.85919736842113
82,20,12,4,500,25.945,0.096725,1,160,49.69080882352949
83,20,12,4,500,38.665,0.11776500000000001,1,160,57.57036585365862
84,20,12,4,500,27.71,0.11039,1,166,46.85643750000008
85,20,16,1,500,37.81,0.057125,0,177,48.756709302325646
86,20,16,1,500,23.525,0.14014000000000004,2,149,49.00277450980398
87,20,16,1,500,28.89,0.15147500000000003,2,152,52.16148863636369
88,20,16,2,500,29.09,0.141525,2,154,50.78596511627913
89,20,16,2,500,20.685,0.21137499999999995,2,140,49.45418085106389
90,20,16,2,500,18.56,0.1949399999999999,0,142,49.866054347826164
91,20,16,3,500,18.62,0.204345,3,138,44.13551136363643
92,20,16,3,500,52.265,0.043065,2,186,54.61464893617029
93,20,16,3,500,14.0,0.19746,2,122,44.942414634146424
94,20,16,4,500,56.705,0.0745,0,176,53.108800000000045
95,20,16,4,500,28.765,0.10083500000000002,2,166,54.626263157894805
96,20,16,4,500,13.04,0.18504,1,143,45.10786904761913
97,30,4,1,500,20.7,0.15746500000000002,1,148,39.08958870967752
98,30,4,1,500,34.275,0.11351000000000001,1,168,43.48539230769237
99,30,4,1,500,15.545,0.17528999999999997,1,147,34.49822656250007
100,30,4,2,500,17.43,0.18241500000000002,0,137,34.637463636363705
101,30,4,2,500,19.765,0.15910000000000002,2,149,45.89016666666672
102,30,4,2,500,18.745,0.17028500000000002,2,141,38.60224603174613
103,30,4,3,500,27.665,0.08049,1,173,39.119460937500065
104,30,4,3,500,26.67,0.143655,1,152,43.00991803278694
105,30,4,3,500,24.525,0.12266500000000004,0,156,35.24685000000007
106,30,4,4,500,15.26,0.20315999999999998,1,140,37.32885937500006
107,30,4,4,500,20.175,0.15979500000000002,1,157,38.84450833333339
108,30,4,4,500,18.2,0.16390000000000005,2,146,40.40165151515158
109,30,8,1,500,31.11,0.12232000000000003,2,156,41.788128378378445
110,30,8,1,500,15.64,0.14781000000000002,4,143,41.059810606060665
111,30,8,1,500,21.06,0.081825,2,169,39.546394736842174
112,30,8,2,500,20.25,0.11375500000000001,3,163,44.1193852459017
113,30,8,2,500,14.76,0.13360500000000003,4,151,42.13483898305093
114,30,8,2,500,24.76,0.12930000000000008,3,157,43.17758730158737
115,30,8,3,500,50.72,0.07004500000000001,2,178,44.57942622950825
116,30,8,3,500,14.43,0.14395000000000002,2,150,44.22127358490573
117,30,8,3,500,53.785,0.08846000000000002,1,172,48.40402727272735
118,30,8,4,500,19.59,0.22563000000000002,1,136,45.592682692307754
119,30,8,4,500,20.065,0.14058500000000007,1,152,43.16891346153852
120,30,8,4,500,44.74,0.10821,2,164,48.06115068493157
121,30,12,1,500,43.955,0.05371000000000001,3,180,51.432453846153926
122,30,12,1,500,24.825,0.11509000000000004,3,158,46.007402777777855
123,30,12,1,500,38.765,0.08955,2,172,47.077591666666734
124,30,12,2,500,35.52,0.13959500000000005,0,155,44.4685508474577
125,30,12,2,500,53.16,0.04272,0,186,48.430436507936555
126,30,12,2,500,28.31,0.079845,1,174,46.38861111111116
127,30,12,3,500,16.905,0.21463999999999991,2,142,41.191661016949254
128,30,12,3,500,67.04,0.0694,1,176,46.29466964285722
129,30,12,3,500,51.055,0.10885500000000004,0,163,48.850148437500074
130,30,12,4,500,26.335,0.15326000000000004,2,153,43.2557377049181
131,30,12,4,500,52.045,0.070095,1,178,47.81778333333342
132,30,12,4,500,29.99,0.11633000000000003,0,160,46.30613793103457
133,30,16,1,500,19.98,0.14737000000000003,0,152,52.961798076923145
134,30,16,1,500,23.54,0.15454500000000004,3,148,40.66520634920641
135,30,16,1,500,13.935,0.19132499999999997,3,143,43.46511864406787
136,30,16,2,500,13.64,0.18528499999999995,4,131,47.36456122448984
137,30,16,2,500,20.225,0.149695,3,158,48.11005357142866
138,30,16,2,500,29.145,0.14004000000000005,0,154,43.47852343750008
139,30,16,3,500,24.825,0.117865,3,167,50.6137333333334
140,30,16,3,500,21.145,0.13474500000000003,3,157,50.1201226415095
141,30,16,3,500,16.72,0.20410000000000003,0,139,46.43872413793111
142,30,16,4,500,20.775,0.14702000000000007,2,150,51.52336718750007
143,30,16,4,500,28.88,0.12514000000000006,3,159,53.455540000000035
144,30,16,4,500,51.195,0.060044999999999994,1,178,51.641850000000076
145,40,4,1,500,51.695,0.09643,1,173,42.812134831460746
146,40,4,1,500,22.085,0.16494,1,140,37.40645454545462
147,40,4,1,500,26.62,0.09603500000000001,1,170,38.45190000000009
148,40,4,2,500,58.725,0.07851,2,172,44.46454545454552
149,40,4,2,500,138.71,0.0,0,200,37.50438554216872
150,40,4,2,500,50.625,0.089055,1,174,41.802169014084576
151,40,4,3,500,26.635,0.13202000000000003,2,151,42.71892405063298
152,40,4,3,500,23.87,0.12677500000000003,1,159,40.73329285714292
153,40,4,3,500,13.785,0.21503499999999992,0,126,34.25836144578321
154,40,4,4,500,17.905,0.15375500000000003,2,156,34.19420129870138
155,40,4,4,500,15.415,0.15380000000000005,1,145,36.045584158415906
156,40,4,4,500,49.2,0.11648000000000001,2,169,42.5600170454546
157,40,8,1,500,77.16,0.05767000000000001,0,183,46.00552298850584
158,40,8,1,500,17.95,0.11256500000000004,3,158,52.27667105263166
159,40,8,1,500,40.06,0.04257,2,179,45.77547727272736
160,40,8,2,500,19.96,0.13954500000000003,1,143,43.33105263157904
161,40,8,2,500,13.1,0.2389949999999999,3,136,38.19792500000007
162,40,8,2,500,25.905,0.04965,1,175,41.502671428571496
163,40,8,3,500,25.46,0.15514000000000003,4,150,47.761923076923146
164,40,8,3,500,19.045,0.16598,3,137,45.19512025316461
165,40,8,3,500,21.335,0.12905000000000005,1,155,43.9752202380953
166,40,8,4,500,20.91,0.11875500000000003,1,164,41.83878571428579
167,40,8,4,500,9.25,0.22132000000000002,2,121,39.08131617647069
168,40,8,4,500,17.9,0.19929499999999994,1,142,43.04876470588243
169,40,12,1,500,24.39,0.1641,2,148,47.63344303797476
170,40,12,1,500,27.625,0.07643000000000001,5,171,48.33484615384622
171,40,12,1,500,31.585,0.09380500000000001,5,173,46.765138157894796
172,40,12,2,500,15.36,0.21172000000000002,0,130,46.60399285714292
173,40,12,2,500,17.11,0.18128,2,151,45.58850684931515
174,40,12,2,500,30.45,0.08043999999999998,4,178,48.386273333333406
175,40,12,3,500,39.59,0.07786499999999999,5,173,47.68577586206905
176,40,12,3,500,43.605,0.09548999999999999,3,166,47.71243571428578
177,40,12,3,500,22.6,0.10142999999999999,1,169,43.259193333333414
178,40,12,4,500,22.32,0.14707000000000003,0,152,47.211512048192844
179,40,12,4,500,19.35,0.113455,2,154,48.298055555555635
180,40,12,4,500,24.24,0.12816,3,159,45.35971333333338
181,40,16,1,500,16.69,0.17073,2,147,45.525280487804956
182,40,16,1,500,19.07,0.11603000000000005,4,153,52.962775362318915
183,40,16,1,500,39.22,0.067125,1,175,49.79997727272734
184,40,16,2,500,35.7,0.04970000000000001,2,185,46.17563541666674
185,40,16,2,500,28.295,0.09187500000000001,2,172,49.747193877551105
186,40,16,2,500,21.63,0.10311,4,166,46.52167948717957
187,40,16,3,500,32.72,0.100885,2,170,51.97124324324332
188,40,16,3,500,26.56,0.09989500000000001,3,160,51.649466216216275
189,40,16,3,500,19.785,0.13519000000000003,3,160,50.07227848101273
190,40,16,4,500,22.365,0.12375500000000005,4,159,44.89198170731714
191,40,16,4,500,13.865,0.17830500000000005,4,148,46.41203846153855
192,40,16,4,500,38.04,0.08593500000000003,4,171,51.25950000000006
